product_id,category,product_name,price,image,image_url,source
278314524,Chuột chơi game,Chuột Gaming Có Dây Dell Alienware AW320M - Hàng Chính Hãng,1190000,278314524.jpg,https://salt.tikicdn.com/cache/280x280/ts/product/8e/c8/55/780c1b4309b31ac42719ca8be7b99dea.jpg,https://tiki.vn/chuot-gaming-co-day-dell-alienware-aw320m-hang-chinh-hang-p278314524.html?spid=278314526
278096523,Chuột chơi game,"Chuột game không dây Lightspeed Logitech G304 - Cảm biến Hero, 12k DPI, nhẹ, 6 nút lập trình, on-board memory, pin 250h - Hàng chính hãng",799000,278096523.jpg,https://salt.tikicdn.com/cache/280x280/ts/product/ae/34/1e/09a2e279a6a9d0ec3e2894b24ddfe70c.jpg,https://tiki.vn/chuot-game-khong-day-lightspeed-logitech-g304-cam-bien-hero-12k-dpi-nhe-6-nut-lap-trinh-on-board-memory-pin-250h-hang-chinh-hang-p278096523.html?spid=270220162
278037112,Chuột chơi game,Chuột Pro Click V2 Vertical Edition | Công Thái Học | Không Dây | 30K DPI | 550 IPS | 5 Chế Độ Kết Nối | Led RGB | Hàng Chính Hãng,3590000,278037112.jpg,https://salt.tikicdn.com/cache/280x280/ts/product/76/fe/59/2660ba1f6476eccfc9cf13ad76d306fd.png,https://tiki.vn/chuot-pro-click-v2-vertical-edition-cong-thai-hoc-khong-day-30k-dpi-550-ips-5-che-do-ket-noi-led-rgb-p278037112.html?spid=278037128
278037104,Chuột chơi game,Chuột Pro Click V2 | Công Thái Học | Không Dây | 30K DPI | 550 IPS | 5 Chế Độ Kết Nối | Led RGB | Hàng Chính Hãng,2990000,278037104.jpg,https://salt.tikicdn.com/cache/280x280/ts/product/16/bf/17/85b917c81fb696549697b1f8e58a0602.png,https://tiki.vn/chuot-pro-click-v2-cong-thai-hoc-khong-day-30k-dpi-550-ips-5-che-do-ket-noi-led-rgb-p278037104.html?spid=278037121
278036279,Chuột chơi game,Chuột Gaming Razer Viper V3 Pro Sentinels Edition | Form Đối Xứng | Polling 8K Hz | DPI 35K | Switch Quang học Gen 3 | Hàng Chính Hãng,5290000,278036279.jpg,https://salt.tikicdn.com/cache/280x280/ts/product/b8/c6/42/82e274825fe4da2c11318f52ebb5efa4.png,https://tiki.vn/chuot-gaming-razer-viper-v3-pro-sentinels-edition-form-doi-xung-polling-8k-hz-dpi-35k-switch-quang-hoc-gen-3-hang-chinh-hang-p278036279.html?spid=278036280
278011165,Chuột chơi game,Chuột Gaming Fuhlen G102s Black - Hàng Chính Hãng,183000,278011165.jpg,https://salt.tikicdn.com/cache/280x280/ts/product/49/90/44/6299321bebdf9a7469804f08dfb855a8.png,https://tiki.vn/chuot-gaming-fuhlen-g102s-black-hang-chinh-hang-p278011165.html?spid=278011166
278011030,Chuột chơi game,Chuột Gaming Fuhlen G70s Pro - Hàng Chính Hãng,303000,278011030.jpg,https://salt.tikicdn.com/cache/280x280/ts/product/54/23/b6/3e11f546a140feea23666121b110d052.png,https://tiki.vn/chuot-gaming-fuhlen-g70s-pro-hang-chinh-hang-p278011030.html?spid=278011032
278010744,Chuột chơi game,Chuột chơi game có dây Fuhlen G60s Pro - Hàng Chính Hãng ,367000,278010744.jpg,https://salt.tikicdn.com/cache/280x280/ts/product/fe/b6/7f/90ffdb13c1c12df1cb6cddd4e04c787a.png,https://tiki.vn/chuot-choi-game-co-day-fuhlen-g60s-pro-hang-chinh-hang-p278010744.html?spid=278010745
277938538,Chuột chơi game,Chuột gaming có dây AULA F805 màu đen - Hàng chính hãng,229000,277938538.jpg,https://salt.tikicdn.com/cache/280x280/ts/product/e1/e0/a0/f227af96a33606fad1c00133f23244ca.PNG,https://tiki.vn/chuot-gaming-co-day-aula-f805-mau-den-hang-chinh-hang-p277938538.html?spid=277938550
277770022,Chuột chơi game,Chuột văn phòng có dây AULA AM104  - Hàng chính hãng,89000,277770022.jpg,https://salt.tikicdn.com/cache/280x280/ts/product/1b/b9/e0/94b72c2e93e46204825fa38c427cdb9c.PNG,https://tiki.vn/chuot-van-phong-co-day-aula-am104-hang-chinh-hang-p277770022.html?spid=277770023
277765575,Chuột chơi game,Chuột quang không dây AULA AM205 - Hàng chính hãng,135000,277765575.jpg,https://salt.tikicdn.com/cache/280x280/ts/product/ac/c1/3b/2131ca3dc025024a52e0fa22fb7f6d47.PNG,https://tiki.vn/chuot-quang-khong-day-aula-am205-hang-chinh-hang-p277765575.html?spid=277765576
277599886,Chuột chơi game,Chuột gaming có dây TEKKIN PG1 Black myth wukong 6 nút bấm 1000hz led RGB có app - hàng chính hãng,199000,277599886.jpg,https://salt.tikicdn.com/cache/280x280/ts/product/a8/80/36/f726d1e87641d74557dcd55b5845f8dc.jpg,https://tiki.vn/chuot-gaming-co-day-tekkin-pg1-black-myth-wukong-6-nut-bam-1000hz-led-rgb-co-app-hang-chinh-hang-p277599886.html?spid=277599894
277599710,Chuột chơi game,Chuột Bluetooth Không Dây TEKKIN A3 Pin Sạc Kết Nối 2 Chế Độ Cho Máy Tính Laptop - hàng chính hãng,169000,277599710.jpg,https://salt.tikicdn.com/cache/280x280/ts/product/c2/5a/3f/41e18c5e01681e489f110ae1c53d3034.jpg,https://tiki.vn/chuot-bluetooth-khong-day-tekkin-a3-pin-sac-ket-noi-2-che-do-cho-may-tinh-laptop-hang-chinh-hang-p277599710.html?spid=277599714
277470864,Chuột chơi game,Chuột có dây Gaming Logitech G102 LightSync Gen 2 - Hàng Chính Hãng ,459000,277470864.jpg,https://salt.tikicdn.com/cache/280x280/ts/product/16/dc/5a/df97f34eea786e0d632e32f87dbc80d8.png,https://tiki.vn/chuot-co-day-gaming-logitech-g102-lightsync-gen-2-hang-chinh-hang-p277470864.html?spid=277470865
277470762,Chuột chơi game,Chuột Gaming không dây Logitech G304 - Hàng Chính Hãng,820000,277470762.jpg,https://salt.tikicdn.com/cache/280x280/ts/product/9a/73/4d/2e32315967fde924a99ed708988e26d0.jpeg,https://tiki.vn/chuot-gaming-khong-day-logitech-g304-hang-chinh-hang-p277470762.html?spid=277470763
277416765,Chuột chơi game,Chuột không dây siêu nhẹ Lamzu INCA - Đi kèm dongle 8KHz - Hàng Chính Hãng,3300000,277416765.jpg,https://salt.tikicdn.com/cache/280x280/ts/product/ed/2a/53/4ff92cda803c95a2877494a9b272d9b6.jpg,https://tiki.vn/chuot-khong-day-sieu-nhe-lamzu-inca-di-kem-dongle-8khz-hang-chinh-hang-p277416765.html?spid=277416793
277370412,Chuột chơi game,Chuột LED Gaming RGB 200-4800 DPI S500 - Hàng Nhập Khẩu,225000,277370412.jpg,https://salt.tikicdn.com/cache/280x280/ts/product/7d/ba/b2/08aeba3614e9e1cd2ecdd3cba35b4646.jpg,https://tiki.vn/chuot-led-gaming-rgb-200-4800-dpi-s500-hang-nhap-khau-p277370412.html?spid=277370413
277358477,Chuột chơi game,Chuột không dây siêu nhẹ Pulsar X2 CrazyLight - Đi kèm dongle 8K - Hàng Chính Hãng,3300000,277358477.jpg,https://salt.tikicdn.com/cache/280x280/ts/product/fa/19/82/432e828882a0295edabe9f1ea8309017.jpg,https://tiki.vn/chuot-khong-day-sieu-nhe-pulsar-x2-crazylight-di-kem-dongle-8k-hang-chinh-hang-p277358477.html?spid=277358490
277358416,Chuột chơi game,Chuột không dây siêu nhẹ Pulsar Xlite V4 eS (Đi kèm dongle 8K Polling Rate) - Hàng Chính Hãng,3630000,277358416.jpg,https://salt.tikicdn.com/cache/280x280/ts/product/f8/a5/f5/35d798a6155f214b27caa99938c31000.jpg,https://tiki.vn/chuot-khong-day-sieu-nhe-pulsar-xlite-v4-es-di-kem-dongle-8k-polling-rate-hang-chinh-hang-p277358416.html?spid=277358418
277228393,Chuột chơi game,Chuột Gaming LED Chơi Game Không Dây Wireless 2.4GHZ 3600DPI T30 - Hàng Nhập Khẩu,215000,277228393.jpg,https://salt.tikicdn.com/cache/280x280/ts/product/fa/42/69/9cec084c57d2f0eba3e1bef7fe5addba.jpg,https://tiki.vn/chuot-gaming-led-choi-game-khong-day-wireless-2-4ghz-3600dpi-t30-hang-nhap-khau-p277228393.html?spid=277228394
277173007,Chuột chơi game,Chuột Gaming LED RGB Chơi Game Có Dây 6400 DPI A867 - Hàng Nhập Khẩu,175000,277173007.jpg,https://salt.tikicdn.com/cache/280x280/ts/product/31/a1/0a/4b94ace17b990513a60601a9100be43f.jpg,https://tiki.vn/chuot-gaming-led-rgb-choi-game-co-day-6400-dpi-a867-hang-nhap-khau-p277173007.html?spid=277173008
277168080,Chuột chơi game,Chuột Gaming Không Dây 2.4GHz 2400DPI X50 - Hàng Nhập Khẩu,95000,277168080.jpg,https://salt.tikicdn.com/cache/280x280/ts/product/e4/17/2d/1ca0dd2c7c1baa00bc155d939420b1a7.jpeg,https://tiki.vn/chuot-gaming-khong-day-2-4ghz-2400dpi-x50-hang-nhap-khau-p277168080.html?spid=277168081
277165305,Chuột chơi game,Chuột không dây siêu nhẹ Pwnage Trinity CF - Hàng Chính Hãng,3960000,277165305.jpg,https://salt.tikicdn.com/cache/280x280/ts/product/7e/47/34/0ac1f9d1550da6d0eae1dfa3d02ad826.jpg,https://tiki.vn/chuot-khong-day-sieu-nhe-pwnage-trinity-cf-hang-chinh-hang-p277165305.html?spid=277165356
276964305,Chuột chơi game,Chuột Gaming Bluetooth 3.0 Thế Hệ Mới T29 - Hàng Nhập Khẩu,195000,276964305.jpg,https://salt.tikicdn.com/cache/280x280/ts/product/c5/3b/be/f6ddd6ca7e87c4bbd63549aae3915593.jpg,https://tiki.vn/chuot-gaming-bluetooth-3-0-the-he-moi-t29-hang-nhap-khau-p276964305.html?spid=276964307
276963560,Chuột chơi game,Chuột Không Dây Gaming 2.4G Thế Hệ Mới T22 - Hàng Nhập Khẩu,195000,276963560.jpg,https://salt.tikicdn.com/cache/280x280/ts/product/21/d6/67/e5db63419bfb3e16207690acc8d5831e.jpg,https://tiki.vn/chuot-khong-day-gaming-2-4g-the-he-moi-t22-hang-nhap-khau-p276963560.html?spid=276963583
276931765,Chuột chơi game,Chuột Gaming LED Có Dây 3200DPI A903 - Hàng Nhập Khẩu,125000,276931765.jpg,https://salt.tikicdn.com/cache/280x280/ts/product/54/08/7f/4002ca35512253c028185ddcb5cdf15b.jpg,https://tiki.vn/chuot-gaming-led-co-day-3200dpi-a903-hang-nhap-khau-p276931765.html?spid=276931766
276829706,Chuột chơi game,Chuột không dây siêu nhẹ Scyrox V6 - Đi kèm dongle 8K - Hàng Chính Hãng,1855000,276829706.jpg,https://salt.tikicdn.com/cache/280x280/ts/product/c3/48/bf/36602b77d10241d424c3e803733cf182.jpg,https://tiki.vn/chuot-khong-day-sieu-nhe-scyrox-v6-di-kem-dongle-8k-hang-chinh-hang-p276829706.html?spid=276829710
276829652,Chuột chơi game,Chuột không dây siêu nhẹ Scyrox V8 - Đi kèm dongle 8K - Hàng Chính Hãng,1855000,276829652.jpg,https://salt.tikicdn.com/cache/280x280/ts/product/0c/b0/32/6e2f3c381ad4d736f669289931c87809.jpg,https://tiki.vn/chuot-khong-day-sieu-nhe-scyrox-v8-di-kem-dongle-8k-hang-chinh-hang-p276829652.html?spid=276829678
276684693,Chuột chơi game," Chuột gaming Fuhlen G102s plus DPI 4200, 1000HZ, Gia tốc 10G, 48 Ips- Hàng chính hãng",300000,276684693.jpg,https://salt.tikicdn.com/cache/280x280/ts/product/b2/a2/fd/631a14ab3256505b264b2db4102a417a.jpg,https://tiki.vn/chuot-gaming-fuhlen-g102s-plus-dpi-4200-1000hz-gia-toc-10g-48-ips-hang-chinh-hang-p276684693.html?spid=276684948
276675817,Chuột chơi game,Chuột LED RGB 7200DPI Gaming Macro Mouse C8 cho máy tính Laptop hàng nhập khẩu,185000,276675817.jpg,https://salt.tikicdn.com/cache/280x280/ts/product/7e/df/3b/2fa852144c29cc9cc9f8d3c81443a19c.jpg,https://tiki.vn/chuot-led-rgb-7200dpi-gaming-macro-mouse-c8-cho-may-tinh-laptop-hang-nhap-khau-p276675817.html?spid=276675819
276652585,Chuột chơi game,Chuột USB Máy Tính Chuyên Game Newmen G7+ _ Hàng Chính Hãng,243000,276652585.jpg,https://salt.tikicdn.com/cache/280x280/ts/product/dc/98/9b/1ce1237f9ff17b8fe825426d0647c9e3.jpg,https://tiki.vn/chuot-usb-may-tinh-chuyen-game-newmen-g7-_-hang-chinh-hang-p276652585.html?spid=276652606
276625980,Chuột chơi game,"Chuột Gaming DAREU EM911 (RGB, DareU BRAVO sensor: 10.000 DPI, Lightweight: 72g) - Hàng chính hãng",319000,276625980.jpg,https://salt.tikicdn.com/cache/280x280/ts/product/e3/ec/c6/ee192e92ce0f9516ad076ebd7b5e6af2.png,https://tiki.vn/chuot-gaming-dareu-em911-rgb-dareu-bravo-sensor-10-000-dpi-lightweight-72g-hang-chinh-hang-p276625980.html?spid=276625984
276611072,Chuột chơi game,Chuột Gaming Có Dây Newmen Game G10+ Hàng Chính Hãng,199000,276611072.jpg,https://salt.tikicdn.com/cache/280x280/ts/product/87/a6/40/5770de004193d6de14f02d487c99259e.jpg,https://tiki.vn/chuot-gaming-co-day-newmen-game-g10-hang-chinh-hang-p276611072.html?spid=276611103
276501374,Chuột chơi game,Chuột không dây siêu nhẹ Lamzu Atlantis Mini Champion Edition - Hỗ trợ 8KHz - Hàng Chính Hãng,2885000,276501374.jpg,https://salt.tikicdn.com/cache/280x280/ts/product/56/6f/d5/c42a1016a38089adc2791798a94fb004.png,https://tiki.vn/chuot-khong-day-sieu-nhe-lamzu-atlantis-mini-champion-edition-ho-tro-8khz-hang-chinh-hang-p276501374.html?spid=275761643
276383163,Chuột chơi game,"Chuột LED RGB 7200 DPI Gaming Mouse P19RGB cho máy tính , Laptop hàng nhập khẩu",150000,276383163.jpg,https://salt.tikicdn.com/cache/280x280/ts/product/d6/9f/b5/fcb24f8d2cea3ceaada0f7764f346adb.jpg,https://tiki.vn/chuot-led-rgb-7200-dpi-gaming-mouse-p19rgb-cho-may-tinh-laptop-hang-nhap-khau-p276383163.html?spid=275220382
276361740,Chuột chơi game,Chuột không dây siêu nhẹ Fnatic x Lamzu Maya X 8K - Đi kèm dongle 8KHz - Hàng Chính Hãng,3450000,276361740.jpg,https://salt.tikicdn.com/cache/280x280/ts/product/bd/cf/6e/7a7cd605806fdbdd0a221bf8bd3dcd20.jpg,https://tiki.vn/chuot-khong-day-sieu-nhe-fnatic-x-lamzu-maya-x-8k-di-kem-dongle-8khz-hang-chinh-hang-p276361740.html?spid=276361741
276361585,Chuột chơi game,Chuột không dây siêu nhẹ Fnatic x Lamzu Maya 8K - Đi kèm dongle 8KHz - Hàng Chính Hãng,3450000,276361585.jpg,https://salt.tikicdn.com/cache/280x280/ts/product/f5/a8/60/0d4821fff5b438aa1e7793b2ad91308b.jpg,https://tiki.vn/chuot-khong-day-sieu-nhe-fnatic-x-lamzu-maya-8k-di-kem-dongle-8khz-hang-chinh-hang-p276361585.html?spid=276361586
276296737,Chuột chơi game,Chuột máy tính có dây TEKKIN B2 gaming silent tắt âm 6 nút bấm 8800 DPI có app - hàng nhập khẩu,105000,276296737.jpg,https://salt.tikicdn.com/cache/280x280/ts/product/e6/0b/89/5c907628f8d6ae12eb9551c2f857caac.jpg,https://tiki.vn/chuot-may-tinh-co-day-tekkin-b2-gaming-silent-tat-am-6-nut-bam-8800-dpi-co-app-hang-nhap-khau-p276296737.html?spid=276296743
276296710,Chuột chơi game,Chuột bluetooth không dây cao cấp TEKKIN JERTECH WB112 thiết kế trong suốt  - hàng nhập khẩu,209000,276296710.jpg,https://salt.tikicdn.com/cache/280x280/ts/product/d9/1c/1d/57887d14597834d91864049e418ea2dc.jpg,https://tiki.vn/chuot-bluetooth-khong-day-cao-cap-tekkin-jertech-wb112-thiet-ke-trong-suot-hang-nhap-khau-p276296710.html?spid=276296726
276296706,Chuột chơi game,Chuột bluetooth không dây máy tính không tiếng click có thể sạc lại TEKKIN A20  - hàng nhập khẩu,139000,276296706.jpg,https://salt.tikicdn.com/cache/280x280/ts/product/b9/99/ce/d29355c0c532941feaf36220e5d69a43.jpg,https://tiki.vn/chuot-bluetooth-khong-day-may-tinh-khong-tieng-click-co-the-sac-lai-tekkin-a20-hang-nhap-khau-p276296706.html?spid=276296727
276296730,Chuột chơi game,Chuột Bluetooth Không Dây TEKKIN X7 Pin Sạc Kết Nối 2 Chế Độ Cho Máy Tính Laptop - hàng nhập khẩu,159900,276296730.jpg,https://salt.tikicdn.com/cache/280x280/ts/product/86/12/bc/b1c61fd42860d4cf40b73e4f81286fd8.jpg,https://tiki.vn/chuot-bluetooth-khong-day-tekkin-x7-pin-sac-ket-noi-2-che-do-cho-may-tinh-laptop-hang-nhap-khau-p276296730.html?spid=276296732
276246828,Chuột chơi game,Bàn phím chơi game có dây Logitech G915 X TKL WIRED RGB MECHANICAL - GiaPhucStore | Hàng Chính Hãng,4690000,276246828.jpg,https://salt.tikicdn.com/cache/280x280/ts/product/86/f1/8e/90153156530d080a5b8b97b09fe2fca6.jpg,https://tiki.vn/ban-phim-choi-game-co-day-logitech-g915-x-tkl-wired-rgb-mechanical-giaphucstore-hang-chinh-hang-p276246828.html?spid=276246829
276232499,Chuột chơi game,Chuột không dây siêu nhẹ Lamzu Maya X - Hỗ trợ 8KHz - Hàng Chính Hãng,3300000,276232499.jpg,https://salt.tikicdn.com/cache/280x280/ts/product/b7/60/9f/3dd5408afad5084ff077f0a78af31414.jpg,https://tiki.vn/chuot-khong-day-sieu-nhe-lamzu-maya-x-ho-tro-8khz-hang-chinh-hang-p276232499.html?spid=276233237
276223652,Chuột chơi game,Chuột Bluetooth không dây tự sạc pin TEKKIN INPHIC M1P ko tiếng click - hàng nhập khẩu,109000,276223652.jpg,https://salt.tikicdn.com/cache/280x280/ts/product/64/bd/41/2613f911b387a5f419df7fc6d1d4dadd.jpg,https://tiki.vn/chuot-bluetooth-khong-day-tu-sac-pin-tekkin-inphic-m1p-ko-tieng-click-hang-nhap-khau-p276223652.html?spid=276223670
276164517,Chuột chơi game,Chuột Gaming Logitech PRO X SUPERLIGHT 2 DEX - Hàng Chính Hãng,3599000,276164517.jpg,https://salt.tikicdn.com/cache/280x280/ts/product/ab/a4/12/d19f6abb1d7482b6d649b2d8c6de0ff7.png,https://tiki.vn/chuot-gaming-logitech-pro-x-superlight-2-dex-hang-chinh-hang-p276164517.html?spid=276164519
276163723,Chuột chơi game,Chuột Gaming Logitech PRO X SUPERLIGHT 2 DEX - Hàng Chính Hãng,3590000,276163723.jpg,https://salt.tikicdn.com/cache/280x280/ts/product/ab/a4/12/3759f0a27f37df17cf3e4144093dad24.png,https://tiki.vn/chuot-gaming-logitech-pro-x-superlight-2-dex-hang-chinh-hang-p276163723.html?spid=276163725
276163033,Chuột chơi game,Chuột Gaming Logitech Pro 2 Lightspeed - Hàng Chính Hãng,3449000,276163033.jpg,https://salt.tikicdn.com/cache/280x280/ts/product/3f/41/0d/67bf464e468bfd7281abcff42655c1bc.png,https://tiki.vn/chuot-gaming-logitech-pro-2-lightspeed-hang-chinh-hang-p276163033.html?spid=276163035
276162992,Chuột chơi game,Chuột Gaming Logitech Pro 2 Lightspeed - Hàng Chính Hãng,2699000,276162992.jpg,https://salt.tikicdn.com/cache/280x280/ts/product/d5/d1/c4/1b2df79c37ec5464dac05bb1b7747e96.png,https://tiki.vn/chuot-gaming-logitech-pro-2-lightspeed-hang-chinh-hang-p276162992.html?spid=276162998
276085170,Chuột chơi game,Chuột Game có dây HP M270 - Hàng chính hãng,219000,276085170.jpg,https://salt.tikicdn.com/cache/280x280/ts/product/fa/f8/3f/19f7d3305aea117542039a4542ba4afe.PNG,https://tiki.vn/chuot-game-co-day-hp-m270-hang-chinh-hang-p276085170.html?spid=276085171
276085021,Chuột chơi game,Chuột Game có dây HP M260 - Hàng chính hãng,179000,276085021.jpg,https://salt.tikicdn.com/cache/280x280/ts/product/d6/99/55/1cc0a743c47c3f6a2a1302b14fedca6e.PNG,https://tiki.vn/chuot-game-co-day-hp-m260-hang-chinh-hang-p276085021.html?spid=276085034
276074400,Chuột chơi game,Chuột LED RGB 7200 DPI Gaming Mouse G26 cho máy tính laptop hàng nhập khẩu,185000,276074400.jpg,https://salt.tikicdn.com/cache/280x280/ts/product/ea/c1/b8/874c16680fb624d622afb0b67a309d08.jpg,https://tiki.vn/chuot-led-rgb-7200-dpi-gaming-mouse-macro-g26-cho-may-tinh-laptop-hang-nhap-khau-p276074400.html?spid=276074401
